<metadata xml:lang="de"><Esri><CreaDate>20220112</CreaDate><CreaTime>11494700</CreaTime><ArcGISFormat>1.0</ArcGISFormat><SyncOnce>FALSE</SyncOnce><DataProperties><lineage><Process ToolSource="c:\program files (x86)\esri\arcgis\desktop10.2\ArcToolbox\Toolboxes\Data Management Tools.tbx\CalculateField" Date="20160616" Time="102137">CalculateField Flbg_Statistik_Raumgliederung CLASS_NAME "KLEINRÄUMIGE GLIEDERUNG" VB #</Process><Process ToolSource="c:\program files (x86)\esri\arcgis\desktop10.2\ArcToolbox\Toolboxes\Data Management Tools.tbx\CalculateField" Date="20160616" Time="102324">CalculateField Flbg_Statistik_Raumgliederung LEVEL_ID Left( [AREA_ID], 4 ) VB #</Process><Process ToolSource="c:\program files (x86)\esri\arcgis\desktop10.4\ArcToolbox\Toolboxes\Data Management Tools.tbx\CalculateField" Date="20180123" Time="140436">CalculateField Flbg_Statistik_Raumgliederung LIFECYCLE_END result VB "dim result\nresult = [LIFECYCLE_END]\nif [LIFECYCLE_END] = null then result = "31.12.2017""</Process><Process ToolSource="c:\program files (x86)\esri\arcgis\desktop10.4\ArcToolbox\Toolboxes\Data Management Tools.tbx\CalculateField" Date="20180123" Time="140740">CalculateField Flbg_Statistik_Raumgliederung LIFECYCLE_END result VB "dim result\nresult = [LIFECYCLE_END]\nif [LIFECYCLE_START] = "01.01.2016" then result = "31.12.2017""</Process><Process ToolSource="c:\program files\esri\arcgis\pro\Resources\ArcToolbox\toolboxes\Conversion Tools.tbx\ExportFeatures" Date="20230808" Time="085356">ExportFeatures "[] Kleinräumige Gliederung\ab 01.01.2018\Stadtteile\Grenzen" C:\Users\LorzO\Documents\ArcGIS\Projects\Export_Kleinräumige_Gliederung\Zieldaten\Stadtteile.shp # NOT_USE_ALIAS "AREA_ID "AREA_ID" true true false 50 Text 0 0,First,#,[] Kleinräumige Gliederung\ab 01.01.2018\Stadtteile\Grenzen,AREA_ID,0,50;AREA_NAME "AREA_NAME" true true false 50 Text 0 0,First,#,[] Kleinräumige Gliederung\ab 01.01.2018\Stadtteile\Grenzen,AREA_NAME,0,50;PARENT_AREA_ID "PARENT_AREA_ID" true true false 50 Text 0 0,First,#,[] Kleinräumige Gliederung\ab 01.01.2018\Stadtteile\Grenzen,PARENT_AREA_ID,0,50;LIFECYCLE_START "LIFECYCLE_START" true true false 8 Date 0 0,First,#,[] Kleinräumige Gliederung\ab 01.01.2018\Stadtteile\Grenzen,LIFECYCLE_START,-1,-1;LIFECYCLE_END "LIFECYCLE_END" true true false 8 Date 0 0,First,#,[] Kleinräumige Gliederung\ab 01.01.2018\Stadtteile\Grenzen,LIFECYCLE_END,-1,-1;CLASS_ID "CLASS_ID" true true false 50 Text 0 0,First,#,[] Kleinräumige Gliederung\ab 01.01.2018\Stadtteile\Grenzen,CLASS_ID,0,50;CLASS_NAME "CLASS_NAME" true true false 50 Text 0 0,First,#,[] Kleinräumige Gliederung\ab 01.01.2018\Stadtteile\Grenzen,CLASS_NAME,0,50;LEVEL_ID "LEVEL_ID" true true false 50 Text 0 0,First,#,[] Kleinräumige Gliederung\ab 01.01.2018\Stadtteile\Grenzen,LEVEL_ID,0,50;LEVEL_NAME "LEVEL_NAME" true true false 50 Text 0 0,First,#,[] Kleinräumige Gliederung\ab 01.01.2018\Stadtteile\Grenzen,LEVEL_NAME,0,50" #</Process></lineage><itemProps><itemName Sync="TRUE">Stadtteile</itemName><imsContentType Sync="TRUE">002</imsContentType><itemLocation><linkage Sync="TRUE">file://\\WS18704\C$\Users\LorzO\Documents\ArcGIS\Projects\Export_Kleinräumige_Gliederung\Zieldaten\Stadtteile.shp</linkage><protocol Sync="TRUE">Local Area Network</protocol></itemLocation><nativeExtBox><westBL Sync="TRUE">522967.283900</westBL><eastBL Sync="TRUE">532600.545000</eastBL><southBL Sync="TRUE">6067270.508400</southBL><northBL Sync="TRUE">6075308.601000</northBL><exTypeCode Sync="TRUE">1</exTypeCode></nativeExtBox><itemSize Sync="TRUE">0.000</itemSize></itemProps><coordRef><type Sync="TRUE">Projected</type><geogcsn Sync="TRUE">GCS_ETRS_1989</geogcsn><csUnits Sync="TRUE">Linear Unit: Meter (1.000000)</csUnits><projcsn Sync="TRUE">ETRS_1989_UTM_Zone_32N</projcsn><peXml Sync="TRUE">&lt;ProjectedCoordinateSystem xsi:type='typens:ProjectedCoordinateSystem' xmlns:xsi='http://www.w3.org/2001/XMLSchema-instance' xmlns:xs='http://www.w3.org/2001/XMLSchema' xmlns:typens='http://www.esri.com/schemas/ArcGIS/3.1.0'&gt;&lt;WKT&gt;PROJCS[&amp;quot;ETRS_1989_UTM_Zone_32N&amp;quot;,GEOGCS[&amp;quot;GCS_ETRS_1989&amp;quot;,DATUM[&amp;quot;D_ETRS_1989&amp;quot;,SPHEROID[&amp;quot;GRS_1980&amp;quot;,6378137.0,298.257222101]],PRIMEM[&amp;quot;Greenwich&amp;quot;,0.0],UNIT[&amp;quot;Degree&amp;quot;,0.0174532925199433]],PROJECTION[&amp;quot;Transverse_Mercator&amp;quot;],PARAMETER[&amp;quot;False_Easting&amp;quot;,500000.0],PARAMETER[&amp;quot;False_Northing&amp;quot;,0.0],PARAMETER[&amp;quot;Central_Meridian&amp;quot;,9.0],PARAMETER[&amp;quot;Scale_Factor&amp;quot;,0.9996],PARAMETER[&amp;quot;Latitude_Of_Origin&amp;quot;,0.0],UNIT[&amp;quot;Meter&amp;quot;,1.0],AUTHORITY[&amp;quot;EPSG&amp;quot;,25832]]&lt;/WKT&gt;&lt;XOrigin&gt;-5120900&lt;/XOrigin&gt;&lt;YOrigin&gt;-9998100&lt;/YOrigin&gt;&lt;XYScale&gt;450445547.3910538&lt;/XYScale&gt;&lt;ZOrigin&gt;-100000&lt;/ZOrigin&gt;&lt;ZScale&gt;10000&lt;/ZScale&gt;&lt;MOrigin&gt;-100000&lt;/MOrigin&gt;&lt;MScale&gt;10000&lt;/MScale&gt;&lt;XYTolerance&gt;0.001&lt;/XYTolerance&gt;&lt;ZTolerance&gt;0.001&lt;/ZTolerance&gt;&lt;MTolerance&gt;0.001&lt;/MTolerance&gt;&lt;HighPrecision&gt;true&lt;/HighPrecision&gt;&lt;WKID&gt;25832&lt;/WKID&gt;&lt;LatestWKID&gt;25832&lt;/LatestWKID&gt;&lt;/ProjectedCoordinateSystem&gt;</peXml></coordRef></DataProperties><SyncDate>20230808</SyncDate><SyncTime>08535500</SyncTime><ModDate>20230808</ModDate><ModTime>08535500</ModTime></Esri><dataIdInfo><envirDesc Sync="TRUE">Microsoft Windows 10 Version 10.0 (Build 19044) ; Esri ArcGIS 13.1.2.41833</envirDesc><dataLang><languageCode value="deu" Sync="TRUE"/><countryCode value="DEU" Sync="TRUE"/></dataLang><idCitation><resTitle Sync="TRUE">Stadtteile</resTitle><presForm><PresFormCd value="005" Sync="TRUE"/></presForm></idCitation><spatRpType><SpatRepTypCd value="001" Sync="TRUE"/></spatRpType><dataExt><geoEle><GeoBndBox esriExtentType="search"><exTypeCode Sync="TRUE">1</exTypeCode><westBL Sync="TRUE">9.356845</westBL><eastBL Sync="TRUE">9.507416</eastBL><northBL Sync="TRUE">54.824390</northBL><southBL Sync="TRUE">54.751623</southBL></GeoBndBox></geoEle></dataExt></dataIdInfo><mdLang><languageCode value="deu" Sync="TRUE"/><countryCode value="DEU" Sync="TRUE"/></mdLang><distInfo><distFormat><formatName Sync="TRUE">Shapefile</formatName></distFormat><distTranOps><transSize Sync="TRUE">0.000</transSize></distTranOps></distInfo><mdHrLv><ScopeCd value="005" Sync="TRUE"/></mdHrLv><mdHrLvName Sync="TRUE">dataset</mdHrLvName><refSysInfo><RefSystem><refSysID><identCode code="25832" Sync="TRUE"/><idCodeSpace Sync="TRUE">EPSG</idCodeSpace><idVersion Sync="TRUE">4.3(4.0.0)</idVersion></refSysID></RefSystem></refSysInfo><spatRepInfo><VectSpatRep><geometObjs Name="Stadtteile"><geoObjTyp><GeoObjTypCd value="002" Sync="TRUE"></GeoObjTypCd></geoObjTyp><geoObjCnt Sync="TRUE">0</geoObjCnt></geometObjs><topLvl><TopoLevCd value="001" Sync="TRUE"></TopoLevCd></topLvl></VectSpatRep></spatRepInfo><spdoinfo><ptvctinf><esriterm Name="Stadtteile"><efeatyp Sync="TRUE">Simple</efeatyp><efeageom code="4" Sync="TRUE"></efeageom><esritopo Sync="TRUE">FALSE</esritopo><efeacnt Sync="TRUE">0</efeacnt><spindex Sync="TRUE">FALSE</spindex><linrefer Sync="TRUE">FALSE</linrefer></esriterm></ptvctinf></spdoinfo><eainfo><detailed Name="Stadtteile"><enttyp><enttypl Sync="TRUE">Stadtteile</enttypl><enttypt Sync="TRUE">Feature Class</enttypt><enttypc Sync="TRUE">0</enttypc></enttyp><attr><attrlabl Sync="TRUE">FID</attrlabl><attalias Sync="TRUE">FID</attalias><attrtype Sync="TRUE">OID</attrtype><attwidth Sync="TRUE">4</attwidth><atprecis Sync="TRUE">0</atprecis><attscale Sync="TRUE">0</attscale><attrdef Sync="TRUE">Internal feature number.</attrdef><attrdefs Sync="TRUE">Esri</attrdefs><attrdomv><udom Sync="TRUE">Sequential unique whole numbers that are automatically generated.</udom></attrdomv></attr><attr><attrlabl Sync="TRUE">CLASS_ID</attrlabl><attalias Sync="TRUE">CLASS_ID</attalias><attrtype Sync="TRUE">String</attrtype><attwidth Sync="TRUE">50</attwidth><atprecis Sync="TRUE">0</atprecis><attscale Sync="TRUE">0</attscale></attr><attr><attrlabl Sync="TRUE">CLASS_NAME</attrlabl><attalias Sync="TRUE">CLASS_NAME</attalias><attrtype Sync="TRUE">String</attrtype><attwidth Sync="TRUE">50</attwidth><atprecis Sync="TRUE">0</atprecis><attscale Sync="TRUE">0</attscale></attr><attr><attrlabl Sync="TRUE">LEVEL_ID</attrlabl><attalias Sync="TRUE">LEVEL_ID</attalias><attrtype Sync="TRUE">String</attrtype><attwidth Sync="TRUE">50</attwidth><atprecis Sync="TRUE">0</atprecis><attscale Sync="TRUE">0</attscale></attr><attr><attrlabl Sync="TRUE">PARENT_ARE</attrlabl><attalias Sync="TRUE">PARENT_ARE</attalias><attrtype Sync="TRUE">String</attrtype><attwidth Sync="TRUE">50</attwidth><atprecis Sync="TRUE">0</atprecis><attscale Sync="TRUE">0</attscale></attr><attr><attrlabl Sync="TRUE">LIFECYCLE_</attrlabl><attalias Sync="TRUE">LIFECYCLE_</attalias><attrtype Sync="TRUE">Date</attrtype><attwidth Sync="TRUE">8</attwidth><atprecis Sync="TRUE">0</atprecis><attscale Sync="TRUE">0</attscale></attr><attr><attrlabl Sync="TRUE">LIFECYCLE1</attrlabl><attalias Sync="TRUE">LIFECYCLE1</attalias><attrtype Sync="TRUE">Date</attrtype><attwidth Sync="TRUE">8</attwidth><atprecis Sync="TRUE">0</atprecis><attscale Sync="TRUE">0</attscale></attr><attr><attrlabl Sync="TRUE">LEVEL_NAME</attrlabl><attalias Sync="TRUE">LEVEL_NAME</attalias><attrtype Sync="TRUE">String</attrtype><attwidth Sync="TRUE">50</attwidth><atprecis Sync="TRUE">0</atprecis><attscale Sync="TRUE">0</attscale></attr><attr><attrlabl Sync="TRUE">AREA_ID</attrlabl><attalias Sync="TRUE">AREA_ID</attalias><attrtype Sync="TRUE">String</attrtype><attwidth Sync="TRUE">50</attwidth><atprecis Sync="TRUE">0</atprecis><attscale Sync="TRUE">0</attscale></attr><attr><attrlabl Sync="TRUE">AREA_NAME</attrlabl><attalias Sync="TRUE">AREA_NAME</attalias><attrtype Sync="TRUE">String</attrtype><attwidth Sync="TRUE">50</attwidth><atprecis Sync="TRUE">0</atprecis><attscale Sync="TRUE">0</attscale></attr><attr><attrlabl Sync="TRUE">Shape</attrlabl><attalias Sync="TRUE">Shape</attalias><attrtype Sync="TRUE">Geometry</attrtype><attwidth Sync="TRUE">0</attwidth><atprecis Sync="TRUE">0</atprecis><attscale Sync="TRUE">0</attscale><attrdef Sync="TRUE">Feature geometry.</attrdef><attrdefs Sync="TRUE">Esri</attrdefs><attrdomv><udom Sync="TRUE">Coordinates defining the features.</udom></attrdomv></attr></detailed></eainfo><mdDateSt Sync="TRUE">20230808</mdDateSt></metadata>
